﻿<?xml version="1.0" encoding="UTF-8" standalone="yes"?>
<addon id="repo.conexaoTV" 
 name="[B][COLOR white]Repositorio Cone[B][COLOR violet]x[B][COLOR  white]ão[/COLOR][/B] [B][COLOR violet]Tv[/COLOR][/B]"
version="1.0.2" provider-name="Marciocn">">
	
	<requires>
            <import addon="xbmc.python" version="2.1.0"/>
		    <import addon="script.module.addon.common" optional="true" />
		    <import addon="script.module.t0mm0.common" optional="true" />
		    <import addon="script.module.urlresolver" optional="true" />
      </requires>
  
  <extension point="xbmc.addon.repository" name="Vikings Repository">
		<info compressed="false">http://raw.github.com/Marciocn/repo.conexaoTV/master/addons.xml</info>
		<checksum>http://raw.github.com/Marciocn/repo.conexaoTV/master/addons.xml.md5</checksum>
		<datadir zip="true">http://raw.github.com/Marciocn/repo.conexaoTV/master/ZipFiles/</datadir>
	</extension>
	<extension point="xbmc.addon.metadata">
		<summary>Repositorio Conexao TV</summary>
		<description>Repositorio oficial Conexao TV - Proibido reproducao sem previa autorizacao</description>
		<disclaimer></disclaimer>
		<platform>all</platform>
	</extension>
</addon>